


LOCK TABLES `saas_kpi_db`.`users` WRITE;
INSERT INTO `saas_kpi_db`.`users` (`id`, `name`)
VALUES
	(1,'user1'),
	(2,'user2'),
    (3,'user3'),
    (4,'user4'),
    (5,'user5'),
    (6,'user6'),
    (7,'user7'),
    (8,'user8'),
    (9,'user9'),
    (10,'user10');

UNLOCK TABLES;

LOCK TABLES `saas_kpi_db`.`events` WRITE;
INSERT INTO `saas_kpi_db`.`events` (`id`, `user_id`,`event_date`, `event_key`)
VALUES
	(1,1,'20190801','user_engagement'),
    (2,1,'20190903','user_engagement'),
    (3,1,'20190904','user_engagement'),
    (4,1,'20190907','user_engagement'),
    (5,2,'20190901','user_engagement'),
    (6,2,'20190902','user_engagement'),
    (7,2,'20190903','user_engagement'),
    (8,3,'20190901','user_engagement'),
    (9,3,'20190904','user_engagement'),
    (10,3,'20190907','user_engagement'),
    (11,4,'20190601','user_engagement'),
    (12,4,'20190401','user_engagement'),
    (13,4,'20190901','user_engagement'),
    (14,4,'20190904','user_engagement'),
    (15,4,'20190907','user_engagement'),
    (16,4,'20190801','user_engagement'),
    (17,4,'20190701','user_engagement'),
    (18,4,'20190901','user_engagement'),
    (19,4,'20190601','user_engagement'),
    (20,4,'20190905','user_engagement'),
    (21,4,'20190501','user_engagement'),
    (22,4,'20190906','user_engagement'),
    (23,5,'20190901','user_engagement'),
    (24,5,'20190806','user_engagement'),
    (25,5,'20190306','user_engagement'),
    (26,5,'20190206','user_engagement'),
    (27,5,'20190706','user_engagement'),
    (28,5,'20190904','user_engagement'),
    (29,5,'20190903','user_engagement'),
    (30,6,'20190203','user_engagement'),
    (31,6,'20190503','user_engagement'),
    (32,6,'20190603','user_engagement'),
    (33,6,'20190703','user_engagement'),
    (34,6,'20190608','user_engagement'),
    (35,7,'20190308','user_engagement'),
    (36,7,'20190408','user_engagement'),
    (37,7,'20190608','user_engagement'),
    (38,7,'20190901','user_engagement'),
    (39,7,'20190908','user_engagement'),
    (40,8,'20190208','user_engagement'),
    (41,8,'20190308','user_engagement'),
    (42,8,'20190408','user_engagement'),
    (43,8,'20190508','user_engagement'),
    (44,8,'20190608','user_engagement'),
    (45,8,'20190708','user_engagement'),
    (46,8,'20190808','user_engagement'),
    (47,8,'20190902','user_engagement'),
    (48,8,'20190903','user_engagement'),
    (49,8,'20190905','user_engagement'),
    (50,9,'20190103','user_engagement'),
    (51,9,'20190403','user_engagement'),
    (52,9,'20190703','user_engagement'),
    (53,9,'20190803','user_engagement'),
    (54,9,'20190903','user_engagement'),
    (55,9,'20190906','user_engagement'),
    (56,9,'20190908','user_engagement'),
    (57,9,'20190902','user_engagement'),
    (58,9,'20190901','user_engagement'),
    (59,9,'20190904','user_engagement'),
    (60,10,'20190102','user_engagement'),
    (61,10,'20190204','user_engagement'),
    (62,10,'20190304','user_engagement'),
    (63,10,'20190404','user_engagement'),
    (64,10,'20190504','user_engagement'),
    (65,10,'20190704','user_engagement'),
    (66,10,'20190904','user_engagement'),
    (67,10,'20190905','user_engagement'),
    (68,10,'20190906','user_engagement'),
    (69,10,'20190908','user_engagement'),
    (70,10,'20190909','user_engagement');
UNLOCK TABLES;


LOCK TABLES `saas_kpi_db`.`payments` WRITE;
INSERT INTO `saas_kpi_db`.`payments` (`id`, `paymentType`,`originalId`, `transactionId`,`purchasedAt`,`expiresAt`,`user_id`)
VALUES
    (1,'month','822227282763','6262839736','2019-05-14 20:59:24','2019-05-21 20:59:24',1),
    (2,'month','822227282763','6262839737','2019-05-21 20:59:24','2019-06-21 20:59:24',1),
    (3,'month','822227282763','6262839738','2019-06-21 20:59:24','2019-07-21 20:59:24',1),
    (4,'month','822227282763','6262839739','2019-07-21 20:59:24','2019-08-21 20:59:24',1),
    (5,'month','822227282763','6262839740','2019-08-21 20:59:24','2019-09-21 20:59:24',1),
    (6,'month','822227282764','6262839831','2019-07-14 20:59:24','2019-07-21 20:59:24',2),
    (7,'month','822227282764','6262839832','2019-07-21 20:59:24','2019-08-21 20:59:24',2),
    (8,'month','822227282764','6262839834','2019-08-21 20:59:24','2019-09-21 20:59:24',2),
    (9,'month','822227282765','6262839931','2019-03-14 20:59:24','2019-03-21 20:59:24',3),
    (10,'month','822227282765','6262839932','2019-03-21 20:59:24','2019-04-21 20:59:24',3),
    (11,'month','822227282765','6262839933','2019-04-21 20:59:24','2019-05-21 20:59:24',3),
    (12,'month','822227282765','6262839934','2019-05-21 20:59:24','2019-06-21 20:59:24',3),
    (13,'month','822227282765','6262839935','2019-06-14 20:59:24','2019-07-21 20:59:24',3),
    (14,'month','822227282766','6262840022','2019-05-14 20:59:24','2019-06-21 20:59:24',4),
    (15,'month','822227282766','6262840023','2019-06-21 20:59:24','2019-07-21 20:59:24',4),
    (16,'month','822227282766','6262840024','2019-07-21 20:59:24','2019-08-21 20:59:24',4),
    (17,'month','822227282766','6262840025','2019-08-21 20:59:24','2019-09-21 20:59:24',4),
    (18,'month','822227282767','6262840132','2019-03-14 20:59:24','2019-03-21 20:59:24',5),
    (19,'month','822227282767','6262840133','2019-03-21 20:59:24','2019-04-21 20:59:24',5),
    (20,'month','822227282767','6262840134','2019-04-21 20:59:24','2019-05-21 20:59:24',5),
    (21,'month','822227282767','6262840135','2019-05-21 20:59:24','2019-06-21 20:59:24',5),
    (22,'month','822227282767','6262840136','2019-06-21 20:59:24','2019-07-21 20:59:24',5),
    (23,'month','822227282767','6262840137','2019-07-21 20:59:24','2019-08-21 20:59:24',5),
    (24,'month','822227282768','6262840212','2019-05-14 20:59:24','2019-05-21 20:59:24',6),
    (25,'month','822227282768','6262840212','2019-05-21 20:59:24','2019-06-21 20:59:24',6),
    (26,'month','822227282769','6262840301','2019-04-10 20:59:24','2019-04-17 20:59:24',7);
UNLOCK TABLES;